{"cameraMode":{"drawMode":0,"name":"Shaded","section":"Shading Mode"},"sceneLighting":true,"audioPlay":false,"sceneViewState":{"m_AlwaysRefresh":false,"showFog":true,"showSkybox":true,"showFlares":true,"showImageEffects":true,"showParticleSystems":true,"showVisualEffectGraphs":true,"m_FxEnabled":true},"in2DMode":false,"pivot":{"x":21.192296981811525,"y":11.573413848876954,"z":-22.570743560791017},"rotation":{"x":-0.0074835652485489849,"y":0.9485566020011902,"z":-0.31572094559669497,"w":-0.022484056651592256},"size":44.12368392944336,"orthographic":false}